{"cameraMode":{"drawMode":0,"name":"Shaded","section":"Shading Mode"},"sceneLighting":true,"audioPlay":false,"sceneViewState":{"showFog":true,"showMaterialUpdate":false,"showSkybox":true,"showFlares":true,"showImageEffects":true,"showParticleSystems":true},"in2DMode":false,"pivot":{"x":1.3879398107528687,"y":96.70279693603516,"z":129.25161743164063},"rotation":{"x":-0.051492586731910709,"y":0.9235008358955383,"z":-0.3558668792247772,"w":-0.1336289942264557},"size":22.0,"orthographic":false}